Country_Code,Country_Name,Wave,N_Evaluated,Events_Unmet,Prevalence_Pct,AUROC,AUPRC,Brier,Calibration_Intercept,Calibration_Slope,ECE,AUROC_95CI,P_Value_vs_Null
AO,Angola,DHS-VIII,2735,1294,47.3,0.6964,0.7147,0.2375,-0.77,1.093,0.1586,0.696 (0.677–0.716),<0.001
BF,Burkina Faso,DHS-VIII,4138,1555,37.6,0.7348,0.6827,0.2228,-0.934,1.383,0.185,0.735 (0.719–0.751),<0.001
BJ,Benin,DHS-VII,3951,2947,74.6,0.6888,0.8787,0.2121,0.953,0.928,0.1844,0.689 (0.671–0.706),<0.001
BU,Burundi,DHS-VII,7585,3717,49.0,0.7766,0.8188,0.1901,-0.453,1.248,0.0956,0.777 (0.766–0.787),<0.001
CD,DR Congo,DHS-VIII,8508,6527,76.7,0.6813,0.8878,0.2096,1.018,0.818,0.1898,0.681 (0.669–0.694),<0.001
CF,Central African Republic,DHS-III,1781,1202,67.5,0.6482,0.7848,0.247,0.645,0.364,0.2014,0.648 (0.622–0.674),<0.001
CG,Congo,DHS-VI,3967,2525,63.7,0.6642,0.7775,0.2204,0.314,0.527,0.0764,0.664 (0.647–0.681),<0.001
CI,Cote dIvoire,DHS-VIII,2743,1758,64.1,0.7244,0.8407,0.1975,0.138,1.222,0.0367,0.724 (0.706–0.743),<0.001
CM,Cameroon,DHS-VIII,1344,950,70.7,0.528,0.7276,0.2701,0.95,0.399,0.2489,0.528 (0.494–0.562),0.102
ET,Ethiopia,DHS-VII,2542,1689,66.4,0.7483,0.8666,0.185,0.099,1.098,0.033,0.748 (0.729–0.767),<0.001
GA,Gabon,DHS-VII,2433,1899,78.1,0.7135,0.9073,0.1841,0.896,0.972,0.1563,0.714 (0.691–0.736),<0.001
GH,Ghana,DHS-VIII,3011,1961,65.1,0.7316,0.8585,0.1932,0.27,0.907,0.0556,0.732 (0.714–0.749),<0.001
GM,Gambia,DHS-VIII,2927,1504,51.4,0.7131,0.7706,0.2159,-0.432,0.98,0.1003,0.713 (0.695–0.732),<0.001
GN,Guinea,DHS-VIII,921,450,48.9,0.5767,0.5495,0.2675,-0.641,1.059,0.1468,0.577 (0.540–0.614),<0.001
KE,Kenya,DHS-VIII,6986,4134,59.2,0.8041,0.885,0.1718,-0.311,1.134,0.0628,0.804 (0.794–0.814),<0.001
KM,Comoros,DHS-VI,1062,609,57.3,0.6677,0.7198,0.2278,0.118,0.597,0.0499,0.668 (0.636–0.700),<0.001
LB,Liberia,DHS-VIII,1026,547,53.3,0.5066,0.5503,0.2559,0.14,0.142,0.0673,0.507 (0.471–0.542),0.715
LS,Lesotho,DHS-VIII,943,686,72.7,0.7728,0.9117,0.1809,0.736,1.021,0.1247,0.773 (0.743–0.803),<0.001
MD,Madagascar,DHS-VIII,3433,2381,69.4,0.7894,0.908,0.1647,-0.01,1.242,0.0153,0.789 (0.774–0.804),<0.001
ML,Mali,DHS-VIII,2424,1265,52.2,0.5079,0.5277,0.2612,0.102,0.07,0.0822,0.508 (0.485–0.531),0.501
MR,Mauritania,DHS-VII,3180,2272,71.4,0.6979,0.8605,0.2067,0.722,1.015,0.1457,0.698 (0.679–0.717),<0.001
MW,Malawi,DHS-VIII,7276,3298,45.3,0.7633,0.7873,0.1879,-0.405,1.073,0.0861,0.763 (0.752–0.774),<0.001
MZ,Mozambique,DHS-VIII,2245,1050,46.8,0.7862,0.8167,0.1949,-0.753,1.275,0.1402,0.786 (0.767–0.805),<0.001
NG,Nigeria,DHS-VIII,7793,5012,64.3,0.6938,0.829,0.2041,0.254,0.872,0.0584,0.694 (0.682–0.705),<0.001
NI,Niger,DHS-VI,3214,1615,50.2,0.6403,0.6226,0.2611,-0.358,0.46,0.1507,0.640 (0.621–0.659),<0.001
NM,Namibia,DHS-VI,2002,881,44.0,0.6683,0.5997,0.2431,-0.406,0.425,0.1062,0.668 (0.644–0.692),<0.001
RW,Rwanda,DHS-VIII,3082,1876,60.9,0.7964,0.8847,0.1734,0.24,1.158,0.0405,0.796 (0.781–0.812),<0.001
SL,Sierra Leone,DHS-VII,2319,944,40.7,0.7581,0.766,0.2226,-1.111,1.143,0.2117,0.758 (0.738–0.779),<0.001
SN,Senegal,DHS-VIII,2222,1368,61.6,0.6792,0.7916,0.2173,0.299,0.889,0.066,0.679 (0.657–0.701),<0.001
ST,Sao Tome,DHS-V,583,237,40.7,0.6524,0.5731,0.241,-0.524,0.614,0.1264,0.652 (0.607–0.698),<0.001
SZ,Eswatini,DHS-V,1050,488,46.5,0.5789,0.5171,0.2625,-0.164,0.223,0.0878,0.579 (0.544–0.614),<0.001
TD,Chad,DHS-VII,6121,4641,75.8,0.6636,0.8472,0.2068,0.929,0.777,0.1795,0.664 (0.649–0.678),<0.001
TG,Togo,DHS-VI,2657,1748,65.8,0.6724,0.7936,0.2143,0.384,0.629,0.0808,0.672 (0.652–0.693),<0.001
TZ,Tanzania,DHS-VIII,2118,1074,50.7,0.8044,0.848,0.1779,-0.467,1.285,0.0937,0.804 (0.786–0.823),<0.001
UG,Uganda,DHS-VII,1413,382,27.0,0.5435,0.3224,0.2861,-1.202,0.716,0.2992,0.543 (0.509–0.578),0.013
ZA,South Africa,DHS-VII,1154,666,57.7,0.7267,0.8208,0.1973,-0.017,0.97,0.0547,0.727 (0.698–0.755),<0.001
ZM,Zambia,DHS-VIII,3269,1444,44.2,0.8553,0.8779,0.1633,-0.889,1.74,0.1694,0.855 (0.842–0.869),<0.001
ZW,Zimbabwe,DHS-VII,2752,1939,70.5,0.8213,0.9302,0.1521,0.279,1.181,0.0456,0.821 (0.806–0.837),<0.001
