Country Code,Country Name,DHS Wave,Recode Version,SPSS ZIP Archive,Total Raw Sample
AO,Angola,DHS-VIII,81,AOKR81SV.zip,11433.0
BF,Burkina Faso,DHS-VIII,81,BFKR81SV.zip,12343.0
BJ,Benin,DHS-VII,71,BJKR71SV.zip,13589.0
BU,Burundi,DHS-VII,71,BUKR71SV.zip,13192.0
CD,DR Congo,DHS-VIII,81,CDKR81SV.zip,24203.0
CF,Central African Republic,DHS-III,31,CFKR31SV.zip,2816.0
CG,Congo,DHS-VI,61,CGKR61SV.zip,9329.0
CI,Cote dIvoire,DHS-VIII,81,CIKR81SV.zip,10645.0
CM,Cameroon,DHS-VIII,82,CMKR82SV.zip,4506.0
ET,Ethiopia,DHS-VII,71,ETKR71SV.zip,10641.0
GA,Gabon,DHS-VII,71,GAKR71SV.zip,6376.0
GH,Ghana,DHS-VIII,8C,GHKR8CSV.zip,9353.0
GM,Gambia,DHS-VIII,81,GMKR81SV.zip,8362.0
GN,Guinea,DHS-VIII,82,GNKR82SV.zip,4133.0
KE,Kenya,DHS-VIII,8C,KEKR8CSV.zip,19530.0
KM,Comoros,DHS-VI,61,KMKR61SV.zip,3149.0
LB,Liberia,DHS-VIII,81,LBKR81SV.zip,2864.0
LS,Lesotho,DHS-VIII,81,LSKR81SV.zip,2537.0
MD,Madagascar,DHS-VIII,81,MDKR81SV.zip,12499.0
ML,Mali,DHS-VIII,83,MLKR83SV.zip,9464.0
MR,Mauritania,DHS-VII,71,MRKR71SV.zip,11628.0
MW,Malawi,DHS-VIII,81,MWKR81SV.zip,12312.0
MZ,Mozambique,DHS-VIII,81,MZKR81SV.zip,9289.0
NG,Nigeria,DHS-VIII,8B,NGKR8BSV.zip,27783.0
NI,Niger,DHS-VI,61,NIKR61SV.zip,12558.0
NM,Namibia,DHS-VI,61,NMKR61SV.zip,5046.0
RW,Rwanda,DHS-VIII,81,RWKR81SV.zip,8092.0
SL,Sierra Leone,DHS-VII,7A,SLKR7ASV.zip,9899.0
SN,Senegal,DHS-VIII,81,SNKR81SV.zip,6719.0
ST,Sao Tome,DHS-V,51,STKR51SV.zip,1931.0
SZ,Eswatini,DHS-V,51,SZKR51SV.zip,2812.0
TD,Chad,DHS-VII,71,TDKR71SV.zip,18623.0
TG,Togo,DHS-VI,61,TGKR61SV.zip,6979.0
TZ,Tanzania,DHS-VIII,82,TZKR82SV.zip,10783.0
UG,Uganda,DHS-VII,72,UGKR72SV.zip,4728.0
ZA,South Africa,DHS-VII,71,ZAKR71SV.zip,3548.0
ZM,Zambia,DHS-VIII,81,ZMKR81SV.zip,8673.0
ZW,Zimbabwe,DHS-VII,72,ZWKR72SV.zip,6132.0
