Country_Code,Country_Name,Wave,N_Evaluated,Events_Unmet,Prevalence_Pct,AUROC,AUPRC,Brier,Calibration_Intercept,Calibration_Slope
AO,Angola,DHS-VIII,2483,1042,42.0,0.6239,0.5334,0.2596,-0.69,0.934
BF,Burkina Faso,DHS-VIII,3795,1212,31.9,0.6601,0.4523,0.2417,-0.9041,1.255
BJ,Benin,DHS-VII,3413,2409,70.6,0.6235,0.7956,0.2448,0.9229,0.7904
BU,Burundi,DHS-VII,6182,2314,37.4,0.638,0.5018,0.2331,-0.4674,0.9064
CD,DR Congo,DHS-VIII,7004,5023,71.7,0.5848,0.7683,0.2575,0.9858,0.5704
CF,Central African Republic,DHS-III,1347,867,64.4,0.6059,0.7228,0.265,0.791,0.6961
CG,Congo,DHS-VI,3398,2041,60.1,0.6272,0.7027,0.2346,0.3218,0.7842
CI,Cote dIvoire,DHS-VIII,2369,1384,58.4,0.6469,0.7007,0.2292,0.1504,1.0931
CM,Cameroon,DHS-VIII,1344,950,70.7,0.5414,0.739,0.2677,0.9736,0.5624
ET,Ethiopia,DHS-VII,2200,1347,61.2,0.686,0.7609,0.2129,0.1027,0.9901
GA,Gabon,DHS-VII,1932,1398,72.4,0.605,0.7868,0.2297,0.8663,0.6789
GH,Ghana,DHS-VIII,2378,1328,55.8,0.6013,0.6347,0.245,0.2356,0.5949
GM,Gambia,DHS-VIII,2500,1077,43.1,0.6079,0.5245,0.2501,-0.3985,0.6749
GN,Guinea,DHS-VIII,921,450,48.9,0.5715,0.5409,0.2608,-0.3804,0.7354
KE,Kenya,DHS-VIII,4933,2081,42.2,0.611,0.5127,0.2423,-0.3233,0.7136
KM,Comoros,DHS-VI,951,523,55.0,0.6523,0.675,0.2312,0.1365,0.9883
LB,Liberia,DHS-VIII,1026,547,53.3,0.5092,0.5524,0.256,0.1376,0.1097
LS,Lesotho,DHS-VIII,682,425,62.3,0.6325,0.716,0.2516,0.6829,0.8032
MD,Madagascar,DHS-VIII,2482,1430,57.6,0.6514,0.6991,0.2271,0.0485,1.0264
ML,Mali,DHS-VIII,2424,1265,52.2,0.5052,0.5298,0.2621,0.1029,0.0672
MR,Mauritania,DHS-VII,2931,2023,69.0,0.6623,0.8078,0.2239,0.7211,0.9312
MW,Malawi,DHS-VIII,5993,2015,33.6,0.6108,0.416,0.2264,-0.4849,0.7306
MZ,Mozambique,DHS-VIII,1811,616,34.0,0.6276,0.4523,0.2415,-0.7183,0.93
NG,Nigeria,DHS-VIII,6532,3751,57.4,0.589,0.6456,0.244,0.2598,0.5904
NI,Niger,DHS-VI,2852,1371,48.1,0.6309,0.5919,0.2589,-0.431,0.6118
NM,Namibia,DHS-VI,1699,681,40.1,0.6444,0.5248,0.2307,-0.3237,0.9628
RW,Rwanda,DHS-VIII,2251,1045,46.4,0.6334,0.5895,0.237,0.1392,0.876
SL,Sierra Leone,DHS-VII,1932,557,28.8,0.5928,0.3532,0.2659,-1.0139,0.5868
SN,Senegal,DHS-VIII,2025,1171,57.8,0.6247,0.6764,0.2389,0.2951,0.7277
ST,Sao Tome,DHS-V,504,183,36.3,0.5812,0.4186,0.2449,-0.5297,0.5083
SZ,Eswatini,DHS-V,946,431,45.6,0.5798,0.5256,0.2487,-0.0988,0.4483
TD,Chad,DHS-VII,5684,4252,74.8,0.6561,0.8375,0.2117,0.9017,0.9597
TG,Togo,DHS-VI,2262,1411,62.4,0.6382,0.7332,0.2286,0.3776,0.8368
TZ,Tanzania,DHS-VIII,1635,591,36.1,0.6387,0.4672,0.2304,-0.4812,0.9759
UG,Uganda,DHS-VII,1413,382,27.0,0.5545,0.3287,0.2868,-1.2389,0.8107
ZA,South Africa,DHS-VII,914,426,46.6,0.5744,0.516,0.2475,-0.1098,0.539
ZM,Zambia,DHS-VIII,2393,568,23.7,0.6326,0.3598,0.2197,-1.0046,1.0617
ZW,Zimbabwe,DHS-VII,1713,900,52.5,0.6097,0.636,0.2441,0.1765,0.6658
